PatientID,Diag
0,Diabetes
0,Hypertension
0,Renal
1,Diabetes
1,Hypertension
1,Renal
2,Diabetes
2,Hypertension
2,Renal
3,Diabetes
3,Hypertension
3,Renal
4,Diabetes
4,Hypertension
4,Renal
5,Diabetes
5,Hypertension
5,Renal
6,Diabetes
6,Hypertension
6,Renal
7,Diabetes
7,Hypertension
7,Renal
8,Diabetes
8,Hypertension
8,Renal
9,Diabetes
9,Hypertension
9,Renal
10,Diabetes
10,Hypertension
10,Renal
11,Diabetes
11,Hypertension
11,Renal
12,Diabetes
12,Hypertension
12,Renal
13,Diabetes
13,Hypertension
13,Renal
14,Diabetes
14,Hypertension
14,Renal
15,Diabetes
15,Hypertension
15,Renal
16,Diabetes
16,Hypertension
16,Renal
17,Diabetes
17,Hypertension
17,Renal
18,Diabetes
18,Hypertension
18,Renal
19,Diabetes
19,Hypertension
19,Renal
20,Diabetes
20,Hypertension
20,Renal
21,Diabetes
21,Hypertension
21,Renal
22,Diabetes
22,Hypertension
22,Renal
23,Diabetes
23,Hypertension
23,Renal
24,Diabetes
24,Hypertension
24,Renal
25,Diabetes
25,Hypertension
25,Renal
26,Diabetes
26,Hypertension
26,Renal
27,Diabetes
27,Hypertension
27,Renal
28,Diabetes
28,Hypertension
28,Renal
29,Diabetes
29,Hypertension
29,Renal
30,Diabetes
30,Hypertension
30,Renal
31,Diabetes
31,Hypertension
31,Renal
32,Diabetes
32,Hypertension
32,Renal
33,Diabetes
33,Hypertension
33,Renal
34,Diabetes
34,Hypertension
34,Renal
35,Diabetes
35,Hypertension
35,Renal
36,Diabetes
36,Hypertension
36,Renal
37,Diabetes
37,Hypertension
37,Renal
38,Diabetes
38,Hypertension
38,Renal
39,Diabetes
39,Hypertension
39,Renal
40,Diabetes
40,Hypertension
40,Renal
41,Diabetes
41,Hypertension
41,Renal
42,Diabetes
42,Hypertension
42,Renal
43,Diabetes
43,Hypertension
43,Renal
44,Diabetes
44,Hypertension
44,Renal
45,Diabetes
45,Hypertension
45,Renal
46,Diabetes
46,Hypertension
46,Renal
47,Diabetes
47,Hypertension
47,Renal
48,Diabetes
48,Hypertension
48,Renal
49,Diabetes
49,Hypertension
49,Renal
50,Diabetes
50,Hypertension
50,Renal
51,Diabetes
51,Hypertension
51,Renal
52,Diabetes
52,Hypertension
52,Renal
53,Diabetes
53,Hypertension
53,Renal
54,Diabetes
54,Hypertension
54,Renal
55,Diabetes
55,Hypertension
55,Renal
56,Diabetes
56,Hypertension
56,Renal
57,Diabetes
57,Hypertension
57,Renal
58,Diabetes
58,Hypertension
58,Renal
59,Diabetes
59,Hypertension
59,Renal
60,Diabetes
60,Hypertension
60,Renal
61,Diabetes
61,Hypertension
61,Renal
62,Diabetes
62,Hypertension
62,Renal
63,Diabetes
63,Hypertension
63,Renal
64,Diabetes
64,Hypertension
64,Renal
65,Diabetes
65,Hypertension
65,Renal
66,Diabetes
66,Hypertension
66,Renal
67,Diabetes
67,Hypertension
67,Renal
68,Diabetes
68,Hypertension
68,Renal
69,Diabetes
69,Hypertension
69,Renal
70,Diabetes
70,Hypertension
70,Renal
71,Diabetes
71,Hypertension
71,Renal
72,Diabetes
72,Hypertension
72,Renal
73,Diabetes
73,Hypertension
73,Renal
74,Diabetes
74,Hypertension
74,Renal
75,Diabetes
75,Hypertension
75,Renal
76,Diabetes
76,Hypertension
76,Renal
77,Diabetes
77,Hypertension
77,Renal
78,Diabetes
78,Hypertension
78,Renal
79,Diabetes
79,Hypertension
79,Renal
80,Diabetes
80,Hypertension
80,Renal
81,Diabetes
81,Hypertension
81,Renal
82,Diabetes
82,Hypertension
82,Renal
83,Diabetes
83,Hypertension
83,Renal
84,Diabetes
84,Hypertension
84,Renal
85,Diabetes
85,Hypertension
85,Renal
86,Diabetes
86,Hypertension
86,Renal
87,Diabetes
87,Hypertension
87,Renal
88,Diabetes
88,Hypertension
88,Renal
89,Diabetes
89,Hypertension
89,Renal
90,Diabetes
90,Hypertension
90,Renal
91,Diabetes
91,Hypertension
91,Renal
92,Diabetes
92,Hypertension
92,Renal
93,Diabetes
93,Hypertension
93,Renal
94,Diabetes
94,Hypertension
94,Renal
95,Diabetes
95,Hypertension
95,Renal
96,Diabetes
96,Hypertension
96,Renal
97,Diabetes
97,Hypertension
97,Renal
98,Diabetes
98,Hypertension
98,Renal
99,Diabetes
99,Hypertension
99,Renal
100,Diabetes
100,Hypertension
100,Renal
101,Diabetes
101,Hypertension
101,Renal
102,Diabetes
102,Hypertension
102,Renal
103,Diabetes
103,Hypertension
103,Renal
104,Diabetes
104,Hypertension
104,Renal
105,Diabetes
105,Hypertension
105,Renal
106,Diabetes
106,Hypertension
106,Renal
107,Diabetes
107,Hypertension
107,Renal
108,Diabetes
108,Hypertension
108,Renal
109,Diabetes
109,Hypertension
109,Renal
110,Diabetes
110,Hypertension
110,Renal
111,Diabetes
111,Hypertension
111,Renal
112,Diabetes
112,Hypertension
112,Renal
113,Diabetes
113,Hypertension
113,Renal
114,Diabetes
114,Hypertension
114,Renal
115,Diabetes
115,Hypertension
115,Renal
116,Diabetes
116,Hypertension
116,Renal
117,Diabetes
117,Hypertension
117,Renal
118,Diabetes
118,Hypertension
118,Renal
119,Diabetes
119,Hypertension
119,Renal
120,Diabetes
120,Hypertension
120,Renal
121,Diabetes
121,Hypertension
121,Renal
122,Diabetes
122,Hypertension
122,Renal
123,Diabetes
123,Hypertension
123,Renal
124,Diabetes
124,Hypertension
124,Renal
125,Diabetes
125,Hypertension
125,Renal
126,Diabetes
126,Hypertension
126,Renal
127,Diabetes
127,Hypertension
127,Renal
128,Diabetes
128,Hypertension
128,Renal
129,Diabetes
129,Hypertension
129,Renal
130,Diabetes
130,Hypertension
130,Renal
131,Diabetes
131,Hypertension
131,Renal
132,Diabetes
132,Hypertension
132,Renal
133,Diabetes
133,Hypertension
133,Renal
134,Diabetes
134,Hypertension
134,Renal
135,Diabetes
135,Hypertension
135,Renal
136,Diabetes
136,Hypertension
136,Renal
137,Diabetes
137,Hypertension
137,Renal
138,Diabetes
138,Hypertension
138,Renal
139,Diabetes
139,Hypertension
139,Renal
140,Diabetes
140,Hypertension
140,Renal
141,Diabetes
141,Hypertension
141,Renal
142,Diabetes
142,Hypertension
142,Renal
143,Diabetes
143,Hypertension
143,Renal
144,Diabetes
144,Hypertension
144,Renal
145,Diabetes
145,Hypertension
145,Renal
146,Diabetes
146,Hypertension
146,Renal
147,Diabetes
147,Hypertension
147,Renal
148,Diabetes
148,Hypertension
148,Renal
149,Diabetes
149,Hypertension
149,Renal
150,Diabetes
150,Hypertension
150,Renal
151,Diabetes
151,Hypertension
151,Renal
152,Diabetes
152,Hypertension
152,Renal
153,Diabetes
153,Hypertension
153,Renal
154,Diabetes
154,Hypertension
154,Renal
155,Diabetes
155,Hypertension
155,Renal
156,Diabetes
156,Hypertension
156,Renal
157,Diabetes
157,Hypertension
157,Renal
158,Diabetes
158,Hypertension
158,Renal
159,Diabetes
159,Hypertension
159,Renal
160,Diabetes
160,Hypertension
160,Renal
161,Diabetes
161,Hypertension
161,Renal
162,Diabetes
162,Hypertension
162,Renal
163,Diabetes
163,Hypertension
163,Renal
164,Diabetes
164,Hypertension
164,Renal
165,Diabetes
165,Hypertension
165,Renal
166,Diabetes
166,Hypertension
166,Renal
167,Diabetes
167,Hypertension
167,Renal
168,Diabetes
168,Hypertension
168,Renal
169,Diabetes
169,Hypertension
169,Renal
170,Diabetes
170,Hypertension
170,Renal
171,Diabetes
171,Hypertension
171,Renal
172,Diabetes
172,Hypertension
172,Renal
173,Diabetes
173,Hypertension
173,Renal
174,Diabetes
174,Hypertension
174,Renal
175,Diabetes
175,Hypertension
175,Renal
176,Diabetes
176,Hypertension
176,Renal
177,Diabetes
177,Hypertension
177,Renal
178,Diabetes
178,Hypertension
178,Renal
179,Diabetes
179,Hypertension
179,Renal
180,Diabetes
180,Hypertension
180,Renal
181,Diabetes
181,Hypertension
181,Renal
182,Diabetes
182,Hypertension
182,Renal
183,Diabetes
183,Hypertension
183,Renal
184,Diabetes
184,Hypertension
184,Renal
185,Diabetes
185,Hypertension
185,Renal
186,Diabetes
186,Hypertension
186,Renal
187,Diabetes
187,Hypertension
187,Renal
188,Diabetes
188,Hypertension
188,Renal
189,Diabetes
189,Hypertension
189,Renal
190,Diabetes
190,Hypertension
190,Renal
191,Diabetes
191,Hypertension
191,Renal
192,Diabetes
192,Hypertension
192,Renal
193,Diabetes
193,Hypertension
193,Renal
194,Diabetes
194,Hypertension
194,Renal
195,Diabetes
195,Hypertension
195,Renal
196,Diabetes
196,Hypertension
196,Renal
197,Diabetes
197,Hypertension
197,Renal
198,Diabetes
198,Hypertension
198,Renal
199,Diabetes
199,Hypertension
199,Renal
200,Diabetes
200,Hypertension
200,Renal
201,Diabetes
201,Hypertension
201,Renal
202,Diabetes
202,Hypertension
202,Renal
203,Diabetes
203,Hypertension
203,Renal
204,Diabetes
204,Hypertension
204,Renal
205,Diabetes
205,Hypertension
205,Renal
206,Diabetes
206,Hypertension
206,Renal
207,Diabetes
207,Hypertension
207,Renal
208,Diabetes
208,Hypertension
208,Renal
209,Diabetes
209,Hypertension
209,Renal
210,Diabetes
210,Hypertension
210,Renal
211,Diabetes
211,Hypertension
211,Renal
212,Diabetes
212,Hypertension
212,Renal
213,Diabetes
213,Hypertension
213,Renal
214,Diabetes
214,Hypertension
214,Renal
215,Diabetes
215,Hypertension
215,Renal
216,Diabetes
216,Hypertension
216,Renal
217,Diabetes
217,Hypertension
217,Renal
218,Diabetes
218,Hypertension
218,Renal
219,Diabetes
219,Hypertension
219,Renal
220,Diabetes
220,Hypertension
220,Renal
221,Diabetes
221,Hypertension
221,Renal
222,Diabetes
222,Hypertension
222,Renal
223,Diabetes
223,Hypertension
223,Renal
224,Diabetes
224,Hypertension
224,Renal
225,Diabetes
225,Hypertension
225,Renal
226,Diabetes
226,Hypertension
226,Renal
227,Diabetes
227,Hypertension
227,Renal
228,Diabetes
228,Hypertension
228,Renal
229,Diabetes
229,Hypertension
229,Renal
230,Diabetes
230,Hypertension
230,Renal
231,Diabetes
231,Hypertension
231,Renal
232,Diabetes
232,Hypertension
232,Renal
233,Diabetes
233,Hypertension
233,Renal
234,Diabetes
234,Hypertension
234,Renal
235,Diabetes
235,Hypertension
235,Renal
236,Diabetes
236,Hypertension
236,Renal
237,Diabetes
237,Hypertension
237,Renal
238,Diabetes
238,Hypertension
238,Renal
239,Diabetes
239,Hypertension
239,Renal
240,Diabetes
240,Hypertension
240,Renal
241,Diabetes
241,Hypertension
241,Renal
242,Diabetes
242,Hypertension
242,Renal
243,Diabetes
243,Hypertension
243,Renal
244,Diabetes
244,Hypertension
244,Renal
245,Diabetes
245,Hypertension
245,Renal
246,Diabetes
246,Hypertension
246,Renal
247,Diabetes
247,Hypertension
247,Renal
248,Diabetes
248,Hypertension
248,Renal
249,Diabetes
249,Hypertension
249,Renal
250,Diabetes
250,Hypertension
250,Renal
251,Diabetes
251,Hypertension
251,Renal
252,Diabetes
252,Hypertension
252,Renal
253,Diabetes
253,Hypertension
253,Renal
254,Diabetes
254,Hypertension
254,Renal
255,Diabetes
255,Hypertension
255,Renal
256,Diabetes
256,Hypertension
256,Renal
257,Diabetes
257,Hypertension
257,Renal
258,Diabetes
258,Hypertension
258,Renal
259,Diabetes
259,Hypertension
259,Renal
260,Diabetes
260,Hypertension
260,Renal
261,Diabetes
261,Hypertension
261,Renal
262,Diabetes
262,Hypertension
262,Renal
263,Diabetes
263,Hypertension
263,Renal
264,Diabetes
264,Hypertension
264,Renal
265,Diabetes
265,Hypertension
265,Renal
266,Diabetes
266,Hypertension
266,Renal
267,Diabetes
267,Hypertension
267,Renal
268,Diabetes
268,Hypertension
268,Renal
269,Diabetes
269,Hypertension
269,Renal
270,Diabetes
270,Hypertension
270,Renal
271,Diabetes
271,Hypertension
271,Renal
272,Diabetes
272,Hypertension
272,Renal
273,Diabetes
273,Hypertension
273,Renal
274,Diabetes
274,Hypertension
274,Renal
275,Diabetes
275,Hypertension
275,Renal
276,Diabetes
276,Hypertension
276,Renal
277,Diabetes
277,Hypertension
277,Renal
278,Diabetes
278,Hypertension
278,Renal
279,Diabetes
279,Hypertension
279,Renal
280,Diabetes
280,Hypertension
280,Renal
281,Diabetes
281,Hypertension
281,Renal
282,Diabetes
282,Hypertension
282,Renal
283,Diabetes
283,Hypertension
283,Renal
284,Diabetes
284,Hypertension
284,Renal
285,Diabetes
285,Hypertension
285,Renal
286,Diabetes
286,Hypertension
286,Renal
287,Diabetes
287,Hypertension
287,Renal
288,Diabetes
288,Hypertension
288,Renal
289,Diabetes
289,Hypertension
289,Renal
290,Diabetes
290,Hypertension
290,Renal
291,Diabetes
291,Hypertension
291,Renal
292,Diabetes
292,Hypertension
292,Renal
293,Diabetes
293,Hypertension
293,Renal
294,Diabetes
294,Hypertension
294,Renal
295,Diabetes
295,Hypertension
295,Renal
296,Diabetes
296,Hypertension
296,Renal
297,Diabetes
297,Hypertension
297,Renal
298,Diabetes
298,Hypertension
298,Renal
299,Diabetes
299,Hypertension
299,Renal
300,Diabetes
300,Hypertension
300,Renal
301,Diabetes
301,Hypertension
301,Renal
302,Diabetes
302,Hypertension
302,Renal
303,Diabetes
303,Hypertension
303,Renal
304,Diabetes
304,Hypertension
304,Renal
305,Diabetes
305,Hypertension
305,Renal
306,Diabetes
306,Hypertension
306,Renal
307,Diabetes
307,Hypertension
307,Renal
308,Diabetes
308,Hypertension
308,Renal
309,Diabetes
309,Hypertension
309,Renal
310,Diabetes
310,Hypertension
310,Renal
311,Diabetes
311,Hypertension
311,Renal
312,Diabetes
312,Hypertension
312,Renal
313,Diabetes
313,Hypertension
313,Renal
314,Diabetes
314,Hypertension
314,Renal
315,Diabetes
315,Hypertension
315,Renal
316,Diabetes
316,Hypertension
316,Renal
317,Diabetes
317,Hypertension
317,Renal
318,Diabetes
318,Hypertension
318,Renal
319,Diabetes
319,Hypertension
319,Renal
320,Diabetes
320,Hypertension
320,Renal
321,Diabetes
321,Hypertension
321,Renal
322,Diabetes
322,Hypertension
322,Renal
323,Diabetes
323,Hypertension
323,Renal
324,Diabetes
324,Hypertension
324,Renal
325,Diabetes
325,Hypertension
325,Renal
326,Diabetes
326,Hypertension
326,Renal
327,Diabetes
327,Hypertension
327,Renal
328,Diabetes
328,Hypertension
328,Renal
329,Diabetes
329,Hypertension
329,Renal
330,Diabetes
330,Hypertension
330,Renal
331,Diabetes
331,Hypertension
331,Renal
332,Diabetes
332,Hypertension
332,Renal
333,Diabetes
333,Hypertension
333,Renal
334,Diabetes
334,Hypertension
334,Renal
335,Diabetes
335,Hypertension
335,Renal
336,Diabetes
336,Hypertension
336,Renal
337,Diabetes
337,Hypertension
337,Renal
338,Diabetes
338,Hypertension
338,Renal
339,Diabetes
339,Hypertension
339,Renal
340,Diabetes
340,Hypertension
340,Renal
341,Diabetes
341,Hypertension
341,Renal
342,Diabetes
342,Hypertension
342,Renal
343,Diabetes
343,Hypertension
343,Renal
344,Diabetes
344,Hypertension
344,Renal
345,Diabetes
345,Hypertension
345,Renal
346,Diabetes
346,Hypertension
346,Renal
347,Diabetes
347,Hypertension
347,Renal
348,Diabetes
348,Hypertension
348,Renal
349,Diabetes
349,Hypertension
349,Renal
350,Diabetes
350,Hypertension
350,Renal
351,Diabetes
351,Hypertension
351,Renal
352,Diabetes
352,Hypertension
352,Renal
353,Diabetes
353,Hypertension
353,Renal
354,Diabetes
354,Hypertension
354,Renal
355,Diabetes
355,Hypertension
355,Renal
356,Diabetes
356,Hypertension
356,Renal
357,Diabetes
357,Hypertension
357,Renal
358,Diabetes
358,Hypertension
358,Renal
359,Diabetes
359,Hypertension
359,Renal
360,Diabetes
360,Hypertension
360,Renal
361,Diabetes
361,Hypertension
361,Renal
362,Diabetes
362,Hypertension
362,Renal
363,Diabetes
363,Hypertension
363,Renal
364,Diabetes
364,Hypertension
364,Renal
365,Diabetes
365,Hypertension
365,Renal
366,Diabetes
366,Hypertension
366,Renal
367,Diabetes
367,Hypertension
367,Renal
368,Diabetes
368,Hypertension
368,Renal
369,Diabetes
369,Hypertension
369,Renal
370,Diabetes
370,Hypertension
370,Renal
371,Diabetes
371,Hypertension
371,Renal
372,Diabetes
372,Hypertension
372,Renal
373,Diabetes
373,Hypertension
373,Renal
374,Diabetes
374,Hypertension
374,Renal
375,Diabetes
375,Hypertension
375,Renal
376,Diabetes
376,Hypertension
376,Renal
377,Diabetes
377,Hypertension
377,Renal
378,Diabetes
378,Hypertension
378,Renal
379,Diabetes
379,Hypertension
379,Renal
380,Diabetes
380,Hypertension
380,Renal
381,Diabetes
381,Hypertension
381,Renal
382,Diabetes
382,Hypertension
382,Renal
383,Diabetes
383,Hypertension
383,Renal
384,Diabetes
384,Hypertension
384,Renal
385,Diabetes
385,Hypertension
385,Renal
386,Diabetes
386,Hypertension
386,Renal
387,Diabetes
387,Hypertension
387,Renal
388,Diabetes
388,Hypertension
388,Renal
389,Diabetes
389,Hypertension
389,Renal
390,Diabetes
390,Hypertension
390,Renal
391,Diabetes
391,Hypertension
391,Renal
392,Diabetes
392,Hypertension
392,Renal
393,Diabetes
393,Hypertension
393,Renal
394,Diabetes
394,Hypertension
394,Renal
395,Diabetes
395,Hypertension
395,Renal
396,Diabetes
396,Hypertension
396,Renal
397,Diabetes
397,Hypertension
397,Renal
398,Diabetes
398,Hypertension
398,Renal
399,Diabetes
399,Hypertension
399,Renal
400,Diabetes
400,Hypertension
400,Renal
401,Diabetes
401,Hypertension
401,Renal
402,Diabetes
402,Hypertension
402,Renal
403,Diabetes
403,Hypertension
403,Renal
404,Diabetes
404,Hypertension
404,Renal
405,Diabetes
405,Hypertension
405,Renal
406,Diabetes
406,Hypertension
406,Renal
407,Diabetes
407,Hypertension
407,Renal
408,Diabetes
408,Hypertension
408,Renal
409,Diabetes
409,Hypertension
409,Renal
410,Diabetes
410,Hypertension
410,Renal
411,Diabetes
411,Hypertension
411,Renal
412,Diabetes
412,Hypertension
412,Renal
413,Diabetes
413,Hypertension
413,Renal
414,Diabetes
414,Hypertension
414,Renal
415,Diabetes
415,Hypertension
415,Renal
416,Diabetes
416,Hypertension
416,Renal
417,Diabetes
417,Hypertension
417,Renal
418,Diabetes
418,Hypertension
418,Renal
419,Diabetes
419,Hypertension
419,Renal
420,Diabetes
420,Hypertension
420,Renal
421,Diabetes
421,Hypertension
421,Renal
422,Diabetes
422,Hypertension
422,Renal
423,Diabetes
423,Hypertension
423,Renal
424,Diabetes
424,Hypertension
424,Renal
425,Diabetes
425,Hypertension
425,Renal
426,Diabetes
426,Hypertension
426,Renal
427,Diabetes
427,Hypertension
427,Renal
428,Diabetes
428,Hypertension
428,Renal
429,Diabetes
429,Hypertension
429,Renal
430,Diabetes
430,Hypertension
430,Renal
431,Diabetes
431,Hypertension
431,Renal
432,Diabetes
432,Hypertension
432,Renal
433,Diabetes
433,Hypertension
433,Renal
434,Diabetes
434,Hypertension
434,Renal
435,Diabetes
435,Hypertension
435,Renal
436,Diabetes
436,Hypertension
436,Renal
437,Diabetes
437,Hypertension
437,Renal
438,Diabetes
438,Hypertension
438,Renal
439,Diabetes
439,Hypertension
439,Renal
440,Diabetes
440,Hypertension
440,Renal
441,Diabetes
441,Hypertension
441,Renal
442,Diabetes
442,Hypertension
442,Renal
443,Diabetes
443,Hypertension
443,Renal
444,Diabetes
444,Hypertension
444,Renal
445,Diabetes
445,Hypertension
445,Renal
446,Diabetes
446,Hypertension
446,Renal
447,Diabetes
447,Hypertension
447,Renal
448,Diabetes
448,Hypertension
448,Renal
449,Diabetes
449,Hypertension
449,Renal
450,Diabetes
450,Hypertension
450,Renal
451,Diabetes
451,Hypertension
451,Renal
452,Diabetes
452,Hypertension
452,Renal
453,Diabetes
453,Hypertension
453,Renal
454,Diabetes
454,Hypertension
454,Renal
455,Diabetes
455,Hypertension
455,Renal
456,Diabetes
456,Hypertension
456,Renal
457,Diabetes
457,Hypertension
457,Renal
458,Diabetes
458,Hypertension
458,Renal
459,Diabetes
459,Hypertension
459,Renal
460,Diabetes
460,Hypertension
460,Renal
461,Diabetes
461,Hypertension
461,Renal
462,Diabetes
462,Hypertension
462,Renal
463,Diabetes
463,Hypertension
463,Renal
464,Diabetes
464,Hypertension
464,Renal
465,Diabetes
465,Hypertension
465,Renal
466,Diabetes
466,Hypertension
466,Renal
467,Diabetes
467,Hypertension
467,Renal
468,Diabetes
468,Hypertension
468,Renal
469,Diabetes
469,Hypertension
469,Renal
470,Diabetes
470,Hypertension
470,Renal
471,Diabetes
471,Hypertension
471,Renal
472,Diabetes
472,Hypertension
472,Renal
473,Diabetes
473,Hypertension
473,Renal
474,Diabetes
474,Hypertension
474,Renal
475,Diabetes
475,Hypertension
475,Renal
476,Diabetes
476,Hypertension
476,Renal
477,Diabetes
477,Hypertension
477,Renal
478,Diabetes
478,Hypertension
478,Renal
479,Diabetes
479,Hypertension
479,Renal
480,Diabetes
480,Hypertension
480,Renal
481,Diabetes
481,Hypertension
481,Renal
482,Diabetes
482,Hypertension
482,Renal
483,Diabetes
483,Hypertension
483,Renal
484,Diabetes
484,Hypertension
484,Renal
485,Diabetes
485,Hypertension
485,Renal
486,Diabetes
486,Hypertension
486,Renal
487,Diabetes
487,Hypertension
487,Renal
488,Diabetes
488,Hypertension
488,Renal
489,Diabetes
489,Hypertension
489,Renal
490,Diabetes
490,Hypertension
490,Renal
491,Diabetes
491,Hypertension
491,Renal
492,Diabetes
492,Hypertension
492,Renal
493,Diabetes
493,Hypertension
493,Renal
494,Diabetes
494,Hypertension
494,Renal
495,Diabetes
495,Hypertension
495,Renal
496,Diabetes
496,Hypertension
496,Renal
497,Diabetes
497,Hypertension
497,Renal
498,Diabetes
498,Hypertension
498,Renal
499,Diabetes
499,Hypertension
499,Renal
500,Diabetes
500,Hypertension
500,Renal
501,Diabetes
501,Hypertension
501,Renal
502,Diabetes
502,Hypertension
502,Renal
503,Diabetes
503,Hypertension
503,Renal
504,Diabetes
504,Hypertension
504,Renal
505,Diabetes
505,Hypertension
505,Renal
506,Diabetes
506,Hypertension
506,Renal
507,Diabetes
507,Hypertension
507,Renal
508,Diabetes
508,Hypertension
508,Renal
509,Diabetes
509,Hypertension
509,Renal
510,Diabetes
510,Hypertension
510,Renal
511,Diabetes
511,Hypertension
511,Renal
512,Diabetes
512,Hypertension
512,Renal
513,Diabetes
513,Hypertension
513,Renal
514,Diabetes
514,Hypertension
514,Renal
515,Diabetes
515,Hypertension
515,Renal
516,Diabetes
516,Hypertension
516,Renal
517,Diabetes
517,Hypertension
517,Renal
518,Diabetes
518,Hypertension
518,Renal
519,Diabetes
519,Hypertension
519,Renal
520,Diabetes
520,Hypertension
520,Renal
521,Diabetes
521,Hypertension
521,Renal
522,Diabetes
522,Hypertension
522,Renal
523,Diabetes
523,Hypertension
523,Renal
524,Diabetes
524,Hypertension
524,Renal
525,Diabetes
525,Hypertension
525,Renal
526,Diabetes
526,Hypertension
526,Renal
527,Diabetes
527,Hypertension
527,Renal
528,Diabetes
528,Hypertension
528,Renal
529,Diabetes
529,Hypertension
529,Renal
530,Diabetes
530,Hypertension
530,Renal
531,Diabetes
531,Hypertension
531,Renal
532,Diabetes
532,Hypertension
532,Renal
533,Diabetes
533,Hypertension
533,Renal
534,Diabetes
534,Hypertension
534,Renal
535,Diabetes
535,Hypertension
535,Renal
536,Diabetes
536,Hypertension
536,Renal
537,Diabetes
537,Hypertension
537,Renal
538,Diabetes
538,Hypertension
538,Renal
539,Diabetes
539,Hypertension
539,Renal
540,Diabetes
540,Hypertension
540,Renal
541,Diabetes
541,Hypertension
541,Renal
542,Diabetes
542,Hypertension
542,Renal
543,Diabetes
543,Hypertension
543,Renal
544,Diabetes
544,Hypertension
544,Renal
545,Diabetes
545,Hypertension
545,Renal
546,Diabetes
546,Hypertension
546,Renal
547,Diabetes
547,Hypertension
547,Renal
548,Diabetes
548,Hypertension
548,Renal
549,Diabetes
549,Hypertension
549,Renal
550,Diabetes
550,Hypertension
550,Renal
551,Diabetes
551,Hypertension
551,Renal
552,Diabetes
552,Hypertension
552,Renal
553,Diabetes
553,Hypertension
553,Renal
554,Diabetes
554,Hypertension
554,Renal
555,Diabetes
555,Hypertension
555,Renal
556,Diabetes
556,Hypertension
556,Renal
557,Diabetes
557,Hypertension
557,Renal
558,Diabetes
558,Hypertension
558,Renal
559,Diabetes
559,Hypertension
559,Renal
560,Diabetes
560,Hypertension
560,Renal
561,Diabetes
561,Hypertension
561,Renal
562,Diabetes
562,Hypertension
562,Renal
563,Diabetes
563,Hypertension
563,Renal
564,Diabetes
564,Hypertension
564,Renal
565,Diabetes
565,Hypertension
565,Renal
566,Diabetes
566,Hypertension
566,Renal
567,Diabetes
567,Hypertension
567,Renal
568,Diabetes
568,Hypertension
568,Renal
569,Diabetes
569,Hypertension
569,Renal
570,Diabetes
570,Hypertension
570,Renal
571,Diabetes
571,Hypertension
571,Renal
572,Diabetes
572,Hypertension
572,Renal
573,Diabetes
573,Hypertension
573,Renal
574,Diabetes
574,Hypertension
574,Renal
575,Diabetes
575,Hypertension
575,Renal
576,Diabetes
576,Hypertension
576,Renal
577,Diabetes
577,Hypertension
577,Renal
578,Diabetes
578,Hypertension
578,Renal
579,Diabetes
579,Hypertension
579,Renal
580,Diabetes
580,Hypertension
580,Renal
581,Diabetes
581,Hypertension
581,Renal
582,Diabetes
582,Hypertension
582,Renal
583,Diabetes
583,Hypertension
583,Renal
584,Diabetes
584,Hypertension
584,Renal
585,Diabetes
585,Hypertension
585,Renal
586,Diabetes
586,Hypertension
586,Renal
587,Diabetes
587,Hypertension
587,Renal
588,Diabetes
588,Hypertension
588,Renal
589,Diabetes
589,Hypertension
589,Renal
590,Diabetes
590,Hypertension
590,Renal
591,Diabetes
591,Hypertension
591,Renal
592,Diabetes
592,Hypertension
592,Renal
593,Diabetes
593,Hypertension
593,Renal
594,Diabetes
594,Hypertension
594,Renal
595,Diabetes
595,Hypertension
595,Renal
596,Diabetes
596,Hypertension
596,Renal
597,Diabetes
597,Hypertension
597,Renal
598,Diabetes
598,Hypertension
598,Renal
599,Diabetes
599,Hypertension
599,Renal
600,Diabetes
600,Hypertension
600,Renal
601,Diabetes
601,Hypertension
601,Renal
602,Diabetes
602,Hypertension
602,Renal
603,Diabetes
603,Hypertension
603,Renal
604,Diabetes
604,Hypertension
604,Renal
605,Diabetes
605,Hypertension
605,Renal
606,Diabetes
606,Hypertension
606,Renal
607,Diabetes
607,Hypertension
607,Renal
608,Diabetes
608,Hypertension
608,Renal
609,Diabetes
609,Hypertension
609,Renal
610,Diabetes
610,Hypertension
610,Renal
611,Diabetes
611,Hypertension
611,Renal
612,Diabetes
612,Hypertension
612,Renal
613,Diabetes
613,Hypertension
613,Renal
614,Diabetes
614,Hypertension
614,Renal
615,Diabetes
615,Hypertension
615,Renal
616,Diabetes
616,Hypertension
616,Renal
617,Diabetes
617,Hypertension
617,Renal
618,Diabetes
618,Hypertension
618,Renal
619,Diabetes
619,Hypertension
619,Renal
620,Diabetes
620,Hypertension
620,Renal
621,Diabetes
621,Hypertension
621,Renal
622,Diabetes
622,Hypertension
622,Renal
623,Diabetes
623,Hypertension
623,Renal
624,Diabetes
624,Hypertension
624,Renal
625,Diabetes
625,Hypertension
625,Renal
626,Diabetes
626,Hypertension
626,Renal
627,Diabetes
627,Hypertension
627,Renal
628,Diabetes
628,Hypertension
628,Renal
629,Diabetes
629,Hypertension
629,Renal
630,Diabetes
630,Hypertension
630,Renal
631,Diabetes
631,Hypertension
631,Renal
632,Diabetes
632,Hypertension
632,Renal
633,Diabetes
633,Hypertension
633,Renal
634,Diabetes
634,Hypertension
634,Renal
635,Diabetes
635,Hypertension
635,Renal
636,Diabetes
636,Hypertension
636,Renal
637,Diabetes
637,Hypertension
637,Renal
638,Diabetes
638,Hypertension
638,Renal
639,Diabetes
639,Hypertension
639,Renal
640,Diabetes
640,Hypertension
640,Renal
641,Diabetes
641,Hypertension
641,Renal
642,Diabetes
642,Hypertension
642,Renal
643,Diabetes
643,Hypertension
643,Renal
644,Diabetes
644,Hypertension
644,Renal
645,Diabetes
645,Hypertension
645,Renal
646,Diabetes
646,Hypertension
646,Renal
647,Diabetes
647,Hypertension
647,Renal
648,Diabetes
648,Hypertension
648,Renal
649,Diabetes
649,Hypertension
649,Renal
650,Diabetes
650,Hypertension
650,Renal
651,Diabetes
651,Hypertension
651,Renal
652,Diabetes
652,Hypertension
652,Renal
653,Diabetes
653,Hypertension
653,Renal
654,Diabetes
654,Hypertension
654,Renal
655,Diabetes
655,Hypertension
655,Renal
656,Diabetes
656,Hypertension
656,Renal
657,Diabetes
657,Hypertension
657,Renal
658,Diabetes
658,Hypertension
658,Renal
659,Diabetes
659,Hypertension
659,Renal
660,Diabetes
660,Hypertension
660,Renal
661,Diabetes
661,Hypertension
661,Renal
662,Diabetes
662,Hypertension
662,Renal
663,Diabetes
663,Hypertension
663,Renal
664,Diabetes
664,Hypertension
664,Renal
665,Diabetes
665,Hypertension
665,Renal
666,Diabetes
666,Hypertension
666,Renal
667,Diabetes
667,Hypertension
667,Renal
668,Diabetes
668,Hypertension
668,Renal
669,Diabetes
669,Hypertension
669,Renal
670,Diabetes
670,Hypertension
670,Renal
671,Diabetes
671,Hypertension
671,Renal
672,Diabetes
672,Hypertension
672,Renal
673,Diabetes
673,Hypertension
673,Renal
674,Diabetes
674,Hypertension
674,Renal
675,Diabetes
675,Hypertension
675,Renal
676,Diabetes
676,Hypertension
676,Renal
677,Diabetes
677,Hypertension
677,Renal
678,Diabetes
678,Hypertension
678,Renal
679,Diabetes
679,Hypertension
679,Renal
680,Diabetes
680,Hypertension
680,Renal
681,Diabetes
681,Hypertension
681,Renal
682,Diabetes
682,Hypertension
682,Renal
683,Diabetes
683,Hypertension
683,Renal
684,Diabetes
684,Hypertension
684,Renal
685,Diabetes
685,Hypertension
685,Renal
686,Diabetes
686,Hypertension
686,Renal
687,Diabetes
687,Hypertension
687,Renal
688,Diabetes
688,Hypertension
688,Renal
689,Diabetes
689,Hypertension
689,Renal
690,Diabetes
690,Hypertension
690,Renal
691,Diabetes
691,Hypertension
691,Renal
692,Diabetes
692,Hypertension
692,Renal
693,Diabetes
693,Hypertension
693,Renal
694,Diabetes
694,Hypertension
694,Renal
695,Diabetes
695,Hypertension
695,Renal
696,Diabetes
696,Hypertension
696,Renal
697,Diabetes
697,Hypertension
697,Renal
698,Diabetes
698,Hypertension
698,Renal
699,Diabetes
699,Hypertension
699,Renal
700,Diabetes
700,Hypertension
700,Renal
701,Diabetes
701,Hypertension
701,Renal
702,Diabetes
702,Hypertension
702,Renal
703,Diabetes
703,Hypertension
703,Renal
704,Diabetes
704,Hypertension
704,Renal
705,Diabetes
705,Hypertension
705,Renal
706,Diabetes
706,Hypertension
706,Renal
707,Diabetes
707,Hypertension
707,Renal
708,Diabetes
708,Hypertension
708,Renal
709,Diabetes
709,Hypertension
709,Renal
710,Diabetes
710,Hypertension
710,Renal
711,Diabetes
711,Hypertension
711,Renal
712,Diabetes
712,Hypertension
712,Renal
713,Diabetes
713,Hypertension
713,Renal
714,Diabetes
714,Hypertension
714,Renal
715,Diabetes
715,Hypertension
715,Renal
716,Diabetes
716,Hypertension
716,Renal
717,Diabetes
717,Hypertension
717,Renal
718,Diabetes
718,Hypertension
718,Renal
719,Diabetes
719,Hypertension
719,Renal
720,Diabetes
720,Hypertension
720,Renal
721,Diabetes
721,Hypertension
721,Renal
722,Diabetes
722,Hypertension
722,Renal
723,Diabetes
723,Hypertension
723,Renal
724,Diabetes
724,Hypertension
724,Renal
725,Diabetes
725,Hypertension
725,Renal
726,Diabetes
726,Hypertension
726,Renal
727,Diabetes
727,Hypertension
727,Renal
728,Diabetes
728,Hypertension
728,Renal
729,Diabetes
729,Hypertension
729,Renal
730,Diabetes
730,Hypertension
730,Renal
731,Diabetes
731,Hypertension
731,Renal
732,Diabetes
732,Hypertension
732,Renal
733,Diabetes
733,Hypertension
733,Renal
734,Diabetes
734,Hypertension
734,Renal
735,Diabetes
735,Hypertension
735,Renal
736,Diabetes
736,Hypertension
736,Renal
737,Diabetes
737,Hypertension
737,Renal
738,Diabetes
738,Hypertension
738,Renal
739,Diabetes
739,Hypertension
739,Renal
740,Diabetes
740,Hypertension
740,Renal
741,Diabetes
741,Hypertension
741,Renal
742,Diabetes
742,Hypertension
742,Renal
743,Diabetes
743,Hypertension
743,Renal
744,Diabetes
744,Hypertension
744,Renal
745,Diabetes
745,Hypertension
745,Renal
746,Diabetes
746,Hypertension
746,Renal
747,Diabetes
747,Hypertension
747,Renal
748,Diabetes
748,Hypertension
748,Renal
749,Diabetes
749,Hypertension
749,Renal
750,Diabetes
750,Hypertension
750,Renal
751,Diabetes
751,Hypertension
751,Renal
752,Diabetes
752,Hypertension
752,Renal
753,Diabetes
753,Hypertension
753,Renal
754,Diabetes
754,Hypertension
754,Renal
755,Diabetes
755,Hypertension
755,Renal
756,Diabetes
756,Hypertension
756,Renal
757,Diabetes
757,Hypertension
757,Renal
758,Diabetes
758,Hypertension
758,Renal
759,Diabetes
759,Hypertension
759,Renal
760,Diabetes
760,Hypertension
760,Renal
761,Diabetes
761,Hypertension
761,Renal
762,Diabetes
762,Hypertension
762,Renal
763,Diabetes
763,Hypertension
763,Renal
764,Diabetes
764,Hypertension
764,Renal
765,Diabetes
765,Hypertension
765,Renal
766,Diabetes
766,Hypertension
766,Renal
767,Diabetes
767,Hypertension
767,Renal
768,Diabetes
768,Hypertension
768,Renal
769,Diabetes
769,Hypertension
769,Renal
770,Diabetes
770,Hypertension
770,Renal
771,Diabetes
771,Hypertension
771,Renal
772,Diabetes
772,Hypertension
772,Renal
773,Diabetes
773,Hypertension
773,Renal
774,Diabetes
774,Hypertension
774,Renal
775,Diabetes
775,Hypertension
775,Renal
776,Diabetes
776,Hypertension
776,Renal
777,Diabetes
777,Hypertension
777,Renal
778,Diabetes
778,Hypertension
778,Renal
779,Diabetes
779,Hypertension
779,Renal
780,Diabetes
780,Hypertension
780,Renal
781,Diabetes
781,Hypertension
781,Renal
782,Diabetes
782,Hypertension
782,Renal
783,Diabetes
783,Hypertension
783,Renal
784,Diabetes
784,Hypertension
784,Renal
785,Diabetes
785,Hypertension
785,Renal
786,Diabetes
786,Hypertension
786,Renal
787,Diabetes
787,Hypertension
787,Renal
788,Diabetes
788,Hypertension
788,Renal
789,Diabetes
789,Hypertension
789,Renal
790,Diabetes
790,Hypertension
790,Renal
791,Diabetes
791,Hypertension
791,Renal
792,Diabetes
792,Hypertension
792,Renal
793,Diabetes
793,Hypertension
793,Renal
794,Diabetes
794,Hypertension
794,Renal
795,Diabetes
795,Hypertension
795,Renal
796,Diabetes
796,Hypertension
796,Renal
797,Diabetes
797,Hypertension
797,Renal
798,Diabetes
798,Hypertension
798,Renal
799,Diabetes
799,Hypertension
799,Renal
800,Diabetes
800,Hypertension
800,Renal
801,Diabetes
801,Hypertension
801,Renal
802,Diabetes
802,Hypertension
802,Renal
803,Diabetes
803,Hypertension
803,Renal
804,Diabetes
804,Hypertension
804,Renal
805,Diabetes
805,Hypertension
805,Renal
806,Diabetes
806,Hypertension
806,Renal
807,Diabetes
807,Hypertension
807,Renal
808,Diabetes
808,Hypertension
808,Renal
809,Diabetes
809,Hypertension
809,Renal
810,Diabetes
810,Hypertension
810,Renal
811,Diabetes
811,Hypertension
811,Renal
812,Diabetes
812,Hypertension
812,Renal
813,Diabetes
813,Hypertension
813,Renal
814,Diabetes
814,Hypertension
814,Renal
815,Diabetes
815,Hypertension
815,Renal
816,Diabetes
816,Hypertension
816,Renal
817,Diabetes
817,Hypertension
817,Renal
818,Diabetes
818,Hypertension
818,Renal
819,Diabetes
819,Hypertension
819,Renal
820,Diabetes
820,Hypertension
820,Renal
821,Diabetes
821,Hypertension
821,Renal
822,Diabetes
822,Hypertension
822,Renal
823,Diabetes
823,Hypertension
823,Renal
824,Diabetes
824,Hypertension
824,Renal
825,Diabetes
825,Hypertension
825,Renal
826,Diabetes
826,Hypertension
826,Renal
827,Diabetes
827,Hypertension
827,Renal
828,Diabetes
828,Hypertension
828,Renal
829,Diabetes
829,Hypertension
829,Renal
830,Diabetes
830,Hypertension
830,Renal
831,Diabetes
831,Hypertension
831,Renal
832,Diabetes
832,Hypertension
832,Renal
833,Diabetes
833,Hypertension
833,Renal
834,Diabetes
834,Hypertension
834,Renal
835,Diabetes
835,Hypertension
835,Renal
836,Diabetes
836,Hypertension
836,Renal
837,Diabetes
837,Hypertension
837,Renal
838,Diabetes
838,Hypertension
838,Renal
839,Diabetes
839,Hypertension
839,Renal
840,Diabetes
840,Hypertension
840,Renal
841,Diabetes
841,Hypertension
841,Renal
842,Diabetes
842,Hypertension
842,Renal
843,Diabetes
843,Hypertension
843,Renal
844,Diabetes
844,Hypertension
844,Renal
845,Diabetes
845,Hypertension
845,Renal
846,Diabetes
846,Hypertension
846,Renal
847,Diabetes
847,Hypertension
847,Renal
848,Diabetes
848,Hypertension
848,Renal
849,Diabetes
849,Hypertension
849,Renal
850,Diabetes
850,Hypertension
850,Renal
851,Diabetes
851,Hypertension
851,Renal
852,Diabetes
852,Hypertension
852,Renal
853,Diabetes
853,Hypertension
853,Renal
854,Diabetes
854,Hypertension
854,Renal
855,Diabetes
855,Hypertension
855,Renal
856,Diabetes
856,Hypertension
856,Renal
857,Diabetes
857,Hypertension
857,Renal
858,Diabetes
858,Hypertension
858,Renal
859,Diabetes
859,Hypertension
859,Renal
860,Diabetes
860,Hypertension
860,Renal
861,Diabetes
861,Hypertension
861,Renal
862,Diabetes
862,Hypertension
862,Renal
863,Diabetes
863,Hypertension
863,Renal
864,Diabetes
864,Hypertension
864,Renal
865,Diabetes
865,Hypertension
865,Renal
866,Diabetes
866,Hypertension
866,Renal
867,Diabetes
867,Hypertension
867,Renal
868,Diabetes
868,Hypertension
868,Renal
869,Diabetes
869,Hypertension
869,Renal
870,Diabetes
870,Hypertension
870,Renal
871,Diabetes
871,Hypertension
871,Renal
872,Diabetes
872,Hypertension
872,Renal
873,Diabetes
873,Hypertension
873,Renal
874,Diabetes
874,Hypertension
874,Renal
875,Diabetes
875,Hypertension
875,Renal
876,Diabetes
876,Hypertension
876,Renal
877,Diabetes
877,Hypertension
877,Renal
878,Diabetes
878,Hypertension
878,Renal
879,Diabetes
879,Hypertension
879,Renal
880,Diabetes
880,Hypertension
880,Renal
881,Diabetes
881,Hypertension
881,Renal
882,Diabetes
882,Hypertension
882,Renal
883,Diabetes
883,Hypertension
883,Renal
884,Diabetes
884,Hypertension
884,Renal
885,Diabetes
885,Hypertension
885,Renal
886,Diabetes
886,Hypertension
886,Renal
887,Diabetes
887,Hypertension
887,Renal
888,Diabetes
888,Hypertension
888,Renal
889,Diabetes
889,Hypertension
889,Renal
890,Diabetes
890,Hypertension
890,Renal
891,Diabetes
891,Hypertension
891,Renal
892,Diabetes
892,Hypertension
892,Renal
893,Diabetes
893,Hypertension
893,Renal
894,Diabetes
894,Hypertension
894,Renal
895,Diabetes
895,Hypertension
895,Renal
896,Diabetes
896,Hypertension
896,Renal
897,Diabetes
897,Hypertension
897,Renal
898,Diabetes
898,Hypertension
898,Renal
899,Diabetes
899,Hypertension
899,Renal
900,Diabetes
900,Hypertension
900,Renal
901,Diabetes
901,Hypertension
901,Renal
902,Diabetes
902,Hypertension
902,Renal
903,Diabetes
903,Hypertension
903,Renal
904,Diabetes
904,Hypertension
904,Renal
905,Diabetes
905,Hypertension
905,Renal
906,Diabetes
906,Hypertension
906,Renal
907,Diabetes
907,Hypertension
907,Renal
908,Diabetes
908,Hypertension
908,Renal
909,Diabetes
909,Hypertension
909,Renal
910,Diabetes
910,Hypertension
910,Renal
911,Diabetes
911,Hypertension
911,Renal
912,Diabetes
912,Hypertension
912,Renal
913,Diabetes
913,Hypertension
913,Renal
914,Diabetes
914,Hypertension
914,Renal
915,Diabetes
915,Hypertension
915,Renal
916,Diabetes
916,Hypertension
916,Renal
917,Diabetes
917,Hypertension
917,Renal
918,Diabetes
918,Hypertension
918,Renal
919,Diabetes
919,Hypertension
919,Renal
920,Diabetes
920,Hypertension
920,Renal
921,Diabetes
921,Hypertension
921,Renal
922,Diabetes
922,Hypertension
922,Renal
923,Diabetes
923,Hypertension
923,Renal
924,Diabetes
924,Hypertension
924,Renal
925,Diabetes
925,Hypertension
925,Renal
926,Diabetes
926,Hypertension
926,Renal
927,Diabetes
927,Hypertension
927,Renal
928,Diabetes
928,Hypertension
928,Renal
929,Diabetes
929,Hypertension
929,Renal
930,Diabetes
930,Hypertension
930,Renal
931,Diabetes
931,Hypertension
931,Renal
932,Diabetes
932,Hypertension
932,Renal
933,Diabetes
933,Hypertension
933,Renal
934,Diabetes
934,Hypertension
934,Renal
935,Diabetes
935,Hypertension
935,Renal
936,Diabetes
936,Hypertension
936,Renal
937,Diabetes
937,Hypertension
937,Renal
938,Diabetes
938,Hypertension
938,Renal
939,Diabetes
939,Hypertension
939,Renal
940,Diabetes
940,Hypertension
940,Renal
941,Diabetes
941,Hypertension
941,Renal
942,Diabetes
942,Hypertension
942,Renal
943,Diabetes
943,Hypertension
943,Renal
944,Diabetes
944,Hypertension
944,Renal
945,Diabetes
945,Hypertension
945,Renal
946,Diabetes
946,Hypertension
946,Renal
947,Diabetes
947,Hypertension
947,Renal
948,Diabetes
948,Hypertension
948,Renal
949,Diabetes
949,Hypertension
949,Renal
950,Diabetes
950,Hypertension
950,Renal
951,Diabetes
951,Hypertension
951,Renal
952,Diabetes
952,Hypertension
952,Renal
953,Diabetes
953,Hypertension
953,Renal
954,Diabetes
954,Hypertension
954,Renal
955,Diabetes
955,Hypertension
955,Renal
956,Diabetes
956,Hypertension
956,Renal
957,Diabetes
957,Hypertension
957,Renal
958,Diabetes
958,Hypertension
958,Renal
959,Diabetes
959,Hypertension
959,Renal
960,Diabetes
960,Hypertension
960,Renal
961,Diabetes
961,Hypertension
961,Renal
962,Diabetes
962,Hypertension
962,Renal
963,Diabetes
963,Hypertension
963,Renal
964,Diabetes
964,Hypertension
964,Renal
965,Diabetes
965,Hypertension
965,Renal
966,Diabetes
966,Hypertension
966,Renal
967,Diabetes
967,Hypertension
967,Renal
968,Diabetes
968,Hypertension
968,Renal
969,Diabetes
969,Hypertension
969,Renal
970,Diabetes
970,Hypertension
970,Renal
971,Diabetes
971,Hypertension
971,Renal
972,Diabetes
972,Hypertension
972,Renal
973,Diabetes
973,Hypertension
973,Renal
974,Diabetes
974,Hypertension
974,Renal
975,Diabetes
975,Hypertension
975,Renal
976,Diabetes
976,Hypertension
976,Renal
977,Diabetes
977,Hypertension
977,Renal
978,Diabetes
978,Hypertension
978,Renal
979,Diabetes
979,Hypertension
979,Renal
980,Diabetes
980,Hypertension
980,Renal
981,Diabetes
981,Hypertension
981,Renal
982,Diabetes
982,Hypertension
982,Renal
983,Diabetes
983,Hypertension
983,Renal
984,Diabetes
984,Hypertension
984,Renal
985,Diabetes
985,Hypertension
985,Renal
986,Diabetes
986,Hypertension
986,Renal
987,Diabetes
987,Hypertension
987,Renal
988,Diabetes
988,Hypertension
988,Renal
989,Diabetes
989,Hypertension
989,Renal
990,Diabetes
990,Hypertension
990,Renal
991,Diabetes
991,Hypertension
991,Renal
992,Diabetes
992,Hypertension
992,Renal
993,Diabetes
993,Hypertension
993,Renal
994,Diabetes
994,Hypertension
994,Renal
995,Diabetes
995,Hypertension
995,Renal
996,Diabetes
996,Hypertension
996,Renal
997,Diabetes
997,Hypertension
997,Renal
998,Diabetes
998,Hypertension
998,Renal
999,Diabetes
999,Hypertension
999,Renal
1000,Diabetes
1000,Hypertension
1000,Renal
1001,Diabetes
1001,Hypertension
1001,Renal
1002,Diabetes
1002,Hypertension
1002,Renal
1003,Diabetes
1003,Hypertension
1003,Renal
1004,Diabetes
1004,Hypertension
1004,Renal
1005,Diabetes
1005,Hypertension
1005,Renal
1006,Diabetes
1006,Hypertension
1006,Renal
1007,Diabetes
1007,Hypertension
1007,Renal
1008,Diabetes
1008,Hypertension
1008,Renal
1009,Diabetes
1009,Hypertension
1009,Renal
1010,Diabetes
1010,Hypertension
1010,Renal
1011,Diabetes
1011,Hypertension
1011,Renal
1012,Diabetes
1012,Hypertension
1012,Renal
1013,Diabetes
1013,Hypertension
1013,Renal
1014,Diabetes
1014,Hypertension
1014,Renal
1015,Diabetes
1015,Hypertension
1015,Renal
1016,Diabetes
1016,Hypertension
1016,Renal
1017,Diabetes
1017,Hypertension
1017,Renal
1018,Diabetes
1018,Hypertension
1018,Renal
1019,Diabetes
1019,Hypertension
1019,Renal
1020,Diabetes
1020,Hypertension
1020,Renal
1021,Diabetes
1021,Hypertension
1021,Renal
1022,Diabetes
1022,Hypertension
1022,Renal
1023,Diabetes
1023,Hypertension
1023,Renal
1024,Diabetes
1024,Hypertension
1024,Renal
1025,Diabetes
1025,Hypertension
1025,Renal
1026,Diabetes
1026,Hypertension
1026,Renal
1027,Diabetes
1027,Hypertension
1027,Renal
1028,Diabetes
1028,Hypertension
1028,Renal
1029,Diabetes
1029,Hypertension
1029,Renal
1030,Diabetes
1030,Hypertension
1030,Renal
1031,Diabetes
1031,Hypertension
1031,Renal
1032,Diabetes
1032,Hypertension
1032,Renal
1033,Diabetes
1033,Hypertension
1033,Renal
1034,Diabetes
1034,Hypertension
1034,Renal
1035,Diabetes
1035,Hypertension
1035,Renal
1036,Diabetes
1036,Hypertension
1036,Renal
1037,Diabetes
1037,Hypertension
1037,Renal
1038,Diabetes
1038,Hypertension
1038,Renal
1039,Diabetes
1039,Hypertension
1039,Renal
1040,Diabetes
1040,Hypertension
1040,Renal
1041,Diabetes
1041,Hypertension
1041,Renal
1042,Diabetes
1042,Hypertension
1042,Renal
1043,Diabetes
1043,Hypertension
1043,Renal
1044,Diabetes
1044,Hypertension
1044,Renal
1045,Diabetes
1045,Hypertension
1045,Renal
1046,Diabetes
1046,Hypertension
1046,Renal
1047,Diabetes
1047,Hypertension
1047,Renal
1048,Diabetes
1048,Hypertension
1048,Renal
1049,Diabetes
1049,Hypertension
1049,Renal
1050,Diabetes
1050,Hypertension
1050,Renal
1051,Diabetes
1051,Hypertension
1051,Renal
1052,Diabetes
1052,Hypertension
1052,Renal
1053,Diabetes
1053,Hypertension
1053,Renal
1054,Diabetes
1054,Hypertension
1054,Renal
1055,Diabetes
1055,Hypertension
1055,Renal
1056,Diabetes
1056,Hypertension
1056,Renal
1057,Diabetes
1057,Hypertension
1057,Renal
1058,Diabetes
1058,Hypertension
1058,Renal
1059,Diabetes
1059,Hypertension
1059,Renal
1060,Diabetes
1060,Hypertension
1060,Renal
1061,Diabetes
1061,Hypertension
1061,Renal
1062,Diabetes
1062,Hypertension
1062,Renal
1063,Diabetes
1063,Hypertension
1063,Renal
1064,Diabetes
1064,Hypertension
1064,Renal
1065,Diabetes
1065,Hypertension
1065,Renal
1066,Diabetes
1066,Hypertension
1066,Renal
1067,Diabetes
1067,Hypertension
1067,Renal
1068,Diabetes
1068,Hypertension
1068,Renal
1069,Diabetes
1069,Hypertension
1069,Renal
1070,Diabetes
1070,Hypertension
1070,Renal
1071,Diabetes
1071,Hypertension
1071,Renal
1072,Diabetes
1072,Hypertension
1072,Renal
1073,Diabetes
1073,Hypertension
1073,Renal
1074,Diabetes
1074,Hypertension
1074,Renal
1075,Diabetes
1075,Hypertension
1075,Renal
1076,Diabetes
1076,Hypertension
1076,Renal
1077,Diabetes
1077,Hypertension
1077,Renal
1078,Diabetes
1078,Hypertension
1078,Renal
1079,Diabetes
1079,Hypertension
1079,Renal
1080,Diabetes
1080,Hypertension
1080,Renal
1081,Diabetes
1081,Hypertension
1081,Renal
1082,Diabetes
1082,Hypertension
1082,Renal
1083,Diabetes
1083,Hypertension
1083,Renal
1084,Diabetes
1084,Hypertension
1084,Renal
1085,Diabetes
1085,Hypertension
1085,Renal
1086,Diabetes
1086,Hypertension
1086,Renal
1087,Diabetes
1087,Hypertension
1087,Renal
1088,Diabetes
1088,Hypertension
1088,Renal
1089,Diabetes
1089,Hypertension
1089,Renal
1090,Diabetes
1090,Hypertension
1090,Renal
1091,Diabetes
1091,Hypertension
1091,Renal
1092,Diabetes
1092,Hypertension
1092,Renal
1093,Diabetes
1093,Hypertension
1093,Renal
1094,Diabetes
1094,Hypertension
1094,Renal
1095,Diabetes
1095,Hypertension
1095,Renal
1096,Diabetes
1096,Hypertension
1096,Renal
1097,Diabetes
1097,Hypertension
1097,Renal
1098,Diabetes
1098,Hypertension
1098,Renal
1099,Diabetes
1099,Hypertension
1099,Renal
1100,Diabetes
1100,Hypertension
1100,Renal
1101,Diabetes
1101,Hypertension
1101,Renal
1102,Diabetes
1102,Hypertension
1102,Renal
1103,Diabetes
1103,Hypertension
1103,Renal
1104,Diabetes
1104,Hypertension
1104,Renal
1105,Diabetes
1105,Hypertension
1105,Renal
1106,Diabetes
1106,Hypertension
1106,Renal
1107,Diabetes
1107,Hypertension
1107,Renal
1108,Diabetes
1108,Hypertension
1108,Renal
1109,Diabetes
1109,Hypertension
1109,Renal
1110,Diabetes
1110,Hypertension
1110,Renal
1111,Diabetes
1111,Hypertension
1111,Renal
1112,Diabetes
1112,Hypertension
1112,Renal
1113,Diabetes
1113,Hypertension
1113,Renal
1114,Diabetes
1114,Hypertension
1114,Renal
1115,Diabetes
1115,Hypertension
1115,Renal
1116,Diabetes
1116,Hypertension
1116,Renal
1117,Diabetes
1117,Hypertension
1117,Renal
1118,Diabetes
1118,Hypertension
1118,Renal
1119,Diabetes
1119,Hypertension
1119,Renal
1120,Diabetes
1120,Hypertension
1120,Renal
1121,Diabetes
1121,Hypertension
1121,Renal
1122,Diabetes
1122,Hypertension
1122,Renal
1123,Diabetes
1123,Hypertension
1123,Renal
1124,Diabetes
1124,Hypertension
1124,Renal
1125,Diabetes
1125,Hypertension
1125,Renal
1126,Diabetes
1126,Hypertension
1126,Renal
1127,Diabetes
1127,Hypertension
1127,Renal
1128,Diabetes
1128,Hypertension
1128,Renal
1129,Diabetes
1129,Hypertension
1129,Renal
1130,Diabetes
1130,Hypertension
1130,Renal
1131,Diabetes
1131,Hypertension
1131,Renal
1132,Diabetes
1132,Hypertension
1132,Renal
1133,Diabetes
1133,Hypertension
1133,Renal
1134,Diabetes
1134,Hypertension
1134,Renal
1135,Diabetes
1135,Hypertension
1135,Renal
1136,Diabetes
1136,Hypertension
1136,Renal
1137,Diabetes
1137,Hypertension
1137,Renal
1138,Diabetes
1138,Hypertension
1138,Renal
1139,Diabetes
1139,Hypertension
1139,Renal
1140,Diabetes
1140,Hypertension
1140,Renal
1141,Diabetes
1141,Hypertension
1141,Renal
1142,Diabetes
1142,Hypertension
1142,Renal
1143,Diabetes
1143,Hypertension
1143,Renal
1144,Diabetes
1144,Hypertension
1144,Renal
1145,Diabetes
1145,Hypertension
1145,Renal
1146,Diabetes
1146,Hypertension
1146,Renal
1147,Diabetes
1147,Hypertension
1147,Renal
1148,Diabetes
1148,Hypertension
1148,Renal
1149,Diabetes
1149,Hypertension
1149,Renal
1150,Diabetes
1150,Hypertension
1150,Renal
1151,Diabetes
1151,Hypertension
1151,Renal
1152,Diabetes
1152,Hypertension
1152,Renal
1153,Diabetes
1153,Hypertension
1153,Renal
1154,Diabetes
1154,Hypertension
1154,Renal
1155,Diabetes
1155,Hypertension
1155,Renal
1156,Diabetes
1156,Hypertension
1156,Renal
1157,Diabetes
1157,Hypertension
1157,Renal
1158,Diabetes
1158,Hypertension
1158,Renal
1159,Diabetes
1159,Hypertension
1159,Renal
1160,Diabetes
1160,Hypertension
1160,Renal
1161,Diabetes
1161,Hypertension
1161,Renal
1162,Diabetes
1162,Hypertension
1162,Renal
1163,Diabetes
1163,Hypertension
1163,Renal
1164,Diabetes
1164,Hypertension
1164,Renal
1165,Diabetes
1165,Hypertension
1165,Renal
1166,Diabetes
1166,Hypertension
1166,Renal
1167,Diabetes
1167,Hypertension
1167,Renal
1168,Diabetes
1168,Hypertension
1168,Renal
1169,Diabetes
1169,Hypertension
1169,Renal
1170,Diabetes
1170,Hypertension
1170,Renal
1171,Diabetes
1171,Hypertension
1171,Renal
1172,Diabetes
1172,Hypertension
1172,Renal
1173,Diabetes
1173,Hypertension
1173,Renal
1174,Diabetes
1174,Hypertension
1174,Renal
1175,Diabetes
1175,Hypertension
1175,Renal
1176,Diabetes
1176,Hypertension
1176,Renal
1177,Diabetes
1177,Hypertension
1177,Renal
1178,Diabetes
1178,Hypertension
1178,Renal
1179,Diabetes
1179,Hypertension
1179,Renal
1180,Diabetes
1180,Hypertension
1180,Renal
1181,Diabetes
1181,Hypertension
1181,Renal
1182,Diabetes
1182,Hypertension
1182,Renal
1183,Diabetes
1183,Hypertension
1183,Renal
1184,Diabetes
1184,Hypertension
1184,Renal
1185,Diabetes
1185,Hypertension
1185,Renal
1186,Diabetes
1186,Hypertension
1186,Renal
1187,Diabetes
1187,Hypertension
1187,Renal
1188,Diabetes
1188,Hypertension
1188,Renal
1189,Diabetes
1189,Hypertension
1189,Renal
1190,Diabetes
1190,Hypertension
1190,Renal
1191,Diabetes
1191,Hypertension
1191,Renal
1192,Diabetes
1192,Hypertension
1192,Renal
1193,Diabetes
1193,Hypertension
1193,Renal
1194,Diabetes
1194,Hypertension
1194,Renal
1195,Diabetes
1195,Hypertension
1195,Renal
1196,Diabetes
1196,Hypertension
1196,Renal
1197,Diabetes
1197,Hypertension
1197,Renal
1198,Diabetes
1198,Hypertension
1198,Renal
1199,Diabetes
1199,Hypertension
1199,Renal
1200,Hypertension
1200,Diabetes
1200,Renal
1201,Diabetes
1201,Renal
1202,Diabetes
1202,Renal
1203,Renal
1203,Diabetes
1203,Hypertension
1204,Diabetes
1205,Diabetes
1206,Hypertension
1206,Diabetes
1206,Renal
1207,Renal
1208,Renal
1209,Diabetes
1209,Renal
1210,Diabetes
1212,Renal
1213,Hypertension
1213,Diabetes
1214,Diabetes
1214,Renal
1218,Renal
1220,Renal
1222,Hypertension
1223,Diabetes
1227,Diabetes
1227,Hypertension
1227,Renal
1228,Diabetes
1228,Renal
1228,Hypertension
1229,Diabetes
1229,Renal
1229,Hypertension
1231,Renal
1231,Hypertension
1231,Diabetes
1232,Diabetes
1233,Diabetes
1233,Hypertension
1233,Renal
1234,Renal
1234,Hypertension
1234,Diabetes
1235,Diabetes
1235,Hypertension
1235,Renal
1236,Renal
1238,Renal
1238,Diabetes
1238,Hypertension
1240,Hypertension
1241,Hypertension
1241,Diabetes
1241,Renal
1242,Renal
1243,Renal
1243,Diabetes
1243,Hypertension
1246,Hypertension
1246,Diabetes
1248,Renal
1248,Diabetes
1248,Hypertension
1249,Hypertension
1249,Diabetes
1250,Hypertension
1250,Diabetes
1250,Renal
1251,Diabetes
1252,Renal
1252,Diabetes
1252,Hypertension
1253,Diabetes
1253,Hypertension
1253,Renal
1255,Hypertension
1255,Diabetes
1258,Hypertension
1258,Diabetes
1259,Renal
1260,Diabetes
1261,Hypertension
1261,Renal
1262,Renal
1262,Hypertension
1262,Diabetes
1264,Hypertension
1265,Hypertension
1265,Renal
1266,Renal
1266,Diabetes
1267,Diabetes
1267,Hypertension
1268,Diabetes
1268,Hypertension
1268,Renal
1269,Hypertension
1271,Renal
1273,Hypertension
1273,Diabetes
1273,Renal
1274,Renal
1274,Diabetes
1274,Hypertension
1276,Diabetes
1277,Hypertension
1277,Diabetes
1279,Diabetes
1279,Renal
1279,Hypertension
1281,Diabetes
1281,Hypertension
1282,Hypertension
1282,Renal
1283,Renal
1283,Hypertension
1283,Diabetes
1284,Diabetes
1284,Hypertension
1285,Renal
1285,Hypertension
1285,Diabetes
1287,Diabetes
1287,Renal
1287,Hypertension
1288,Hypertension
1288,Diabetes
1289,Diabetes
1289,Hypertension
1289,Renal
1291,Hypertension
1291,Diabetes
1292,Diabetes
1293,Hypertension
1293,Renal
1293,Diabetes
1294,Renal
1294,Hypertension
1295,Hypertension
1295,Diabetes
1296,Hypertension
1296,Renal
1297,Renal
1297,Hypertension
1298,Diabetes
1298,Renal
1298,Hypertension
1299,Hypertension
1299,Diabetes
1300,Renal
1302,Hypertension
1302,Diabetes
1302,Renal
1303,Hypertension
1303,Diabetes
1303,Renal
1304,Hypertension
1305,Diabetes
1306,Renal
1310,Diabetes
1310,Hypertension
1311,Diabetes
1311,Hypertension
1311,Renal
1313,Diabetes
1314,Hypertension
1314,Renal
1315,Hypertension
1316,Diabetes
1316,Renal
1317,Hypertension
1317,Renal
1318,Hypertension
1318,Diabetes
1318,Renal
1319,Diabetes
1319,Renal
1319,Hypertension
1320,Diabetes
1320,Renal
1320,Hypertension
1321,Diabetes
1321,Hypertension
1322,Hypertension
1322,Diabetes
1322,Renal
1323,Renal
1323,Diabetes
1323,Hypertension
1324,Diabetes
1324,Hypertension
1325,Hypertension
1327,Renal
1328,Diabetes
1330,Diabetes
1330,Renal
1331,Diabetes
1331,Renal
1335,Diabetes
1336,Diabetes
1336,Renal
1338,Diabetes
1338,Renal
1339,Diabetes
1339,Hypertension
1340,Diabetes
1340,Renal
1341,Hypertension
1343,Hypertension
1343,Diabetes
1344,Hypertension
1344,Renal
1345,Hypertension
1345,Diabetes
1345,Renal
1346,Hypertension
1348,Diabetes
1348,Renal
1348,Hypertension
1349,Renal
1349,Hypertension
1351,Hypertension
1352,Hypertension
1352,Renal
1352,Diabetes
1353,Diabetes
1354,Renal
1354,Hypertension
1355,Hypertension
1356,Hypertension
1356,Renal
1359,Renal
1359,Hypertension
1359,Diabetes
1360,Renal
1360,Hypertension
1360,Diabetes
1363,Diabetes
1364,Diabetes
1366,Diabetes
1366,Renal
1366,Hypertension
1368,Renal
1368,Diabetes
1368,Hypertension
1369,Diabetes
1371,Diabetes
1371,Renal
1371,Hypertension
1373,Renal
1373,Hypertension
1373,Diabetes
1375,Hypertension
1376,Hypertension
1377,Diabetes
1378,Renal
1378,Diabetes
1378,Hypertension
1379,Hypertension
1379,Diabetes
1379,Renal
1380,Diabetes
1380,Hypertension
1380,Renal
1381,Renal
1382,Diabetes
1383,Diabetes
1385,Diabetes
1386,Hypertension
1386,Diabetes
1387,Diabetes
1388,Renal
1388,Diabetes
1388,Hypertension
1390,Hypertension
1390,Renal
1390,Diabetes
1391,Hypertension
1393,Renal
1393,Diabetes
1393,Hypertension
1394,Hypertension
1394,Diabetes
1396,Renal
1396,Hypertension
1397,Hypertension
1399,Renal
1399,Diabetes
1400,Renal
1401,Diabetes
1402,Hypertension
1402,Renal
1403,Renal
1403,Hypertension
1403,Diabetes
1405,Diabetes
1405,Renal
1406,Renal
1406,Diabetes
1408,Hypertension
1408,Renal
1408,Diabetes
1410,Diabetes
1410,Renal
1411,Hypertension
1411,Renal
1412,Diabetes
1412,Hypertension
1413,Diabetes
1413,Hypertension
1413,Renal
1414,Hypertension
1414,Renal
1415,Renal
1417,Diabetes
1417,Hypertension
1417,Renal
1419,Diabetes
1419,Hypertension
1420,Diabetes
1420,Renal
1421,Diabetes
1423,Renal
1425,Renal
1425,Diabetes
1425,Hypertension
1426,Diabetes
1427,Renal
1427,Diabetes
1427,Hypertension
1429,Hypertension
1429,Renal
1429,Diabetes
1432,Diabetes
1434,Hypertension
1434,Renal
1435,Diabetes
1435,Renal
1436,Renal
1436,Hypertension
1437,Renal
1437,Diabetes
1437,Hypertension
1438,Hypertension
1438,Diabetes
1439,Renal
1439,Hypertension
1439,Diabetes
1440,Hypertension
1440,Diabetes
1443,Renal
1443,Diabetes
1443,Hypertension
1444,Renal
1444,Diabetes
1444,Hypertension
1445,Diabetes
1446,Renal
1446,Hypertension
1447,Renal
1447,Diabetes
1448,Hypertension
1448,Diabetes
1449,Hypertension
1449,Renal
1449,Diabetes
1450,Diabetes
1450,Renal
1450,Hypertension
1451,Renal
1451,Diabetes
1452,Diabetes
1452,Renal
1453,Diabetes
1453,Hypertension
1453,Renal
1455,Hypertension
1458,Diabetes
1459,Renal
1459,Diabetes
1459,Hypertension
1461,Renal
1461,Hypertension
1461,Diabetes
1462,Renal
1463,Diabetes
1463,Renal
1463,Hypertension
1464,Renal
1464,Hypertension
1464,Diabetes
1465,Hypertension
1465,Renal
1465,Diabetes
1466,Hypertension
1467,Diabetes
1467,Hypertension
1470,Diabetes
1470,Hypertension
1471,Renal
1472,Diabetes
1472,Renal
1472,Hypertension
1473,Diabetes
1473,Renal
1473,Hypertension
1474,Diabetes
1474,Renal
1474,Hypertension
1475,Renal
1475,Hypertension
1475,Diabetes
1476,Renal
1476,Diabetes
1476,Hypertension
1481,Diabetes
1481,Renal
1481,Hypertension
1482,Renal
1483,Diabetes
1484,Hypertension
1484,Diabetes
1484,Renal
1485,Renal
1485,Hypertension
1485,Diabetes
1488,Diabetes
1489,Hypertension
1489,Diabetes
1489,Renal
1490,Renal
1491,Hypertension
1491,Renal
1491,Diabetes
1492,Hypertension
1493,Hypertension
1493,Renal
1493,Diabetes
1494,Hypertension
1495,Hypertension
1495,Renal
1496,Hypertension
1496,Diabetes
1498,Renal
1499,Renal
1499,Hypertension
1499,Diabetes
1500,Diabetes
1501,Diabetes
1501,Renal
1501,Hypertension
1502,Diabetes
1503,Renal
1503,Hypertension
1504,Diabetes
1504,Hypertension
1504,Renal
1506,Renal
1507,Hypertension
1508,Hypertension
1508,Renal
1508,Diabetes
1509,Hypertension
1511,Hypertension
1511,Diabetes
1511,Renal
1512,Hypertension
1514,Hypertension
1514,Renal
1514,Diabetes
1515,Hypertension
1515,Diabetes
1515,Renal
1516,Diabetes
1517,Diabetes
1518,Renal
1518,Hypertension
1520,Renal
1521,Diabetes
1521,Renal
1522,Diabetes
1522,Renal
1524,Renal
1525,Renal
1525,Hypertension
1530,Renal
1531,Renal
1532,Renal
1532,Hypertension
1532,Diabetes
1533,Diabetes
1533,Hypertension
1533,Renal
1534,Renal
1536,Diabetes
1536,Renal
1538,Diabetes
1538,Hypertension
1538,Renal
1540,Renal
1540,Hypertension
1540,Diabetes
1541,Renal
1541,Hypertension
1542,Diabetes
1544,Renal
1546,Hypertension
1547,Hypertension
1547,Diabetes
1547,Renal
1548,Renal
1548,Hypertension
1548,Diabetes
1553,Diabetes
1554,Diabetes
1554,Hypertension
1556,Diabetes
1556,Renal
1556,Hypertension
1557,Hypertension
1557,Renal
1557,Diabetes
1559,Hypertension
1559,Diabetes
1560,Hypertension
1561,Renal
1562,Renal
1562,Diabetes
1562,Hypertension
1563,Diabetes
1563,Renal
1563,Hypertension
1564,Hypertension
1564,Diabetes
1565,Renal
1568,Renal
1568,Diabetes
1570,Diabetes
1571,Renal
1571,Diabetes
1571,Hypertension
1573,Diabetes
1574,Diabetes
1574,Hypertension
1574,Renal
1575,Diabetes
1575,Renal
1575,Hypertension
1576,Hypertension
1576,Renal
1579,Renal
1581,Diabetes
1581,Renal
1582,Renal
1582,Hypertension
1582,Diabetes
1583,Renal
1583,Hypertension
1583,Diabetes
1584,Hypertension
1584,Diabetes
1584,Renal
1585,Diabetes
1585,Hypertension
1585,Renal
1586,Renal
1588,Renal
1590,Hypertension
1590,Renal
1592,Diabetes
1592,Renal
1593,Renal
1593,Hypertension
1593,Diabetes
1595,Renal
1598,Diabetes
1601,Renal
1602,Renal
1602,Hypertension
1602,Diabetes
1603,Renal
1603,Hypertension
1603,Diabetes
1604,Hypertension
1604,Diabetes
1604,Renal
1605,Diabetes
1605,Hypertension
1606,Renal
1606,Hypertension
1608,Diabetes
1608,Renal
1608,Hypertension
1609,Diabetes
1609,Renal
1609,Hypertension
1610,Diabetes
1611,Hypertension
1611,Renal
1611,Diabetes
1613,Diabetes
1614,Renal
1614,Diabetes
1614,Hypertension
1615,Renal
1615,Hypertension
1615,Diabetes
1616,Renal
1616,Diabetes
1616,Hypertension
1617,Renal
1617,Diabetes
1617,Hypertension
1619,Hypertension
1619,Diabetes
1621,Hypertension
1621,Renal
1621,Diabetes
1623,Hypertension
1623,Renal
1624,Diabetes
1624,Renal
1625,Renal
1625,Hypertension
1625,Diabetes
1626,Hypertension
1626,Renal
1626,Diabetes
1627,Renal
1627,Hypertension
1629,Hypertension
1630,Diabetes
1630,Renal
1631,Diabetes
1631,Hypertension
1631,Renal
1632,Diabetes
1632,Renal
1633,Hypertension
1634,Renal
1634,Hypertension
1634,Diabetes
1635,Hypertension
1637,Renal
1639,Renal
1641,Renal
1641,Diabetes
1641,Hypertension
1642,Hypertension
1642,Diabetes
1643,Diabetes
1643,Renal
1643,Hypertension
1644,Hypertension
1644,Renal
1644,Diabetes
1645,Hypertension
1645,Diabetes
1645,Renal
1646,Diabetes
1646,Hypertension
1647,Renal
1647,Diabetes
1648,Diabetes
1649,Renal
1649,Hypertension
1653,Diabetes
1653,Renal
1653,Hypertension
1654,Renal
1655,Diabetes
1656,Hypertension
1656,Diabetes
1657,Diabetes
1657,Hypertension
1657,Renal
1660,Hypertension
1660,Diabetes
1660,Renal
1663,Diabetes
1663,Hypertension
1664,Renal
1666,Renal
1666,Hypertension
1667,Renal
1667,Diabetes
1668,Hypertension
1668,Diabetes
1669,Hypertension
1670,Hypertension
1670,Renal
1671,Hypertension
1671,Renal
1672,Hypertension
1673,Hypertension
1675,Renal
1677,Hypertension
1677,Renal
1677,Diabetes
1678,Diabetes
1678,Hypertension
1679,Hypertension
1679,Renal
1680,Renal
1681,Hypertension
1681,Renal
1682,Hypertension
1684,Renal
1685,Diabetes
1685,Renal
1685,Hypertension
1686,Renal
1686,Diabetes
1686,Hypertension
1687,Hypertension
1687,Diabetes
1688,Diabetes
1688,Hypertension
1689,Hypertension
1692,Hypertension
1692,Diabetes
1694,Renal
1694,Diabetes
1694,Hypertension
1695,Renal
1695,Hypertension
1695,Diabetes
1696,Diabetes
1696,Hypertension
1696,Renal
1697,Diabetes
1697,Renal
1698,Diabetes
1699,Diabetes
1699,Renal
1700,Diabetes
1701,Diabetes
1701,Hypertension
1702,Diabetes
1702,Renal
1702,Hypertension
1705,Hypertension
1707,Diabetes
1707,Hypertension
1707,Renal
1708,Hypertension
1708,Diabetes
1709,Diabetes
1709,Renal
1709,Hypertension
1710,Renal
1710,Hypertension
1711,Renal
1712,Renal
1713,Diabetes
1713,Renal
1713,Hypertension
1714,Diabetes
1714,Hypertension
1714,Renal
1715,Hypertension
1716,Diabetes
1716,Hypertension
1716,Renal
1717,Renal
1718,Renal
1718,Diabetes
1719,Hypertension
1719,Diabetes
1720,Diabetes
1720,Hypertension
1721,Renal
1721,Hypertension
1721,Diabetes
1723,Renal
1723,Hypertension
1723,Diabetes
1725,Renal
1727,Renal
1728,Renal
1728,Hypertension
1729,Diabetes
1730,Hypertension
1731,Diabetes
1731,Renal
1731,Hypertension
1733,Hypertension
1733,Renal
1733,Diabetes
1734,Renal
1734,Diabetes
1735,Diabetes
1736,Diabetes
1736,Renal
1739,Hypertension
1739,Diabetes
1743,Diabetes
1747,Hypertension
1747,Renal
1749,Renal
1749,Hypertension
1749,Diabetes
1751,Diabetes
1752,Diabetes
1752,Renal
1752,Hypertension
1754,Renal
1755,Renal
1755,Hypertension
1756,Hypertension
1756,Renal
1757,Hypertension
1757,Renal
1757,Diabetes
1758,Diabetes
1758,Renal
1759,Renal
1759,Diabetes
1759,Hypertension
1760,Diabetes
1760,Hypertension
1763,Renal
1763,Diabetes
1763,Hypertension
1764,Hypertension
1764,Diabetes
1764,Renal
1765,Diabetes
1766,Diabetes
1768,Diabetes
1768,Hypertension
1770,Renal
1770,Diabetes
1771,Renal
1771,Hypertension
1772,Hypertension
1772,Renal
1773,Diabetes
1773,Renal
1773,Hypertension
1774,Renal
1776,Renal
1777,Diabetes
1777,Renal
1777,Hypertension
1778,Hypertension
1778,Renal
1778,Diabetes
1779,Diabetes
1779,Renal
1780,Renal
1780,Diabetes
1780,Hypertension
1782,Diabetes
1782,Renal
1783,Diabetes
1783,Renal
1783,Hypertension
1786,Renal
1786,Diabetes
1787,Diabetes
1788,Diabetes
1788,Renal
1788,Hypertension
1789,Hypertension
1789,Renal
1790,Diabetes
1791,Diabetes
1795,Renal
1795,Hypertension
1795,Diabetes
1796,Renal
1796,Hypertension
1796,Diabetes
1797,Hypertension
1797,Renal
1798,Renal
1799,Renal
1799,Diabetes
1800,Renal
1800,Diabetes
1801,Diabetes
1801,Renal
1803,Hypertension
1803,Diabetes
1803,Renal
1804,Renal
1804,Hypertension
1805,Renal
1805,Diabetes
1805,Hypertension
1807,Renal
1807,Hypertension
1809,Diabetes
1810,Diabetes
1810,Renal
1811,Renal
1813,Hypertension
1813,Diabetes
1813,Renal
1815,Renal
1815,Diabetes
1816,Hypertension
1816,Renal
1819,Hypertension
1819,Diabetes
1819,Renal
1821,Hypertension
1823,Hypertension
1824,Hypertension
1824,Diabetes
1824,Renal
1825,Diabetes
1825,Renal
1826,Hypertension
1826,Renal
1826,Diabetes
1827,Renal
1827,Hypertension
1828,Hypertension
1830,Renal
1830,Hypertension
1832,Renal
1835,Diabetes
1836,Hypertension
1836,Diabetes
1836,Renal
1838,Hypertension
1838,Diabetes
1839,Renal
1839,Hypertension
1839,Diabetes
1840,Hypertension
1840,Diabetes
1841,Hypertension
1842,Renal
1843,Hypertension
1843,Diabetes
1843,Renal
1844,Hypertension
1845,Renal
1846,Renal
1846,Hypertension
1848,Hypertension
1848,Diabetes
1848,Renal
1850,Renal
1850,Diabetes
1851,Diabetes
1851,Hypertension
1851,Renal
1852,Hypertension
1854,Renal
1855,Hypertension
1856,Diabetes
1856,Renal
1857,Hypertension
1857,Diabetes
1858,Diabetes
1859,Hypertension
1859,Renal
1859,Diabetes
1860,Hypertension
1860,Renal
1860,Diabetes
1861,Hypertension
1861,Diabetes
1861,Renal
1862,Renal
1862,Hypertension
1862,Diabetes
1863,Diabetes
1863,Renal
1863,Hypertension
1864,Diabetes
1865,Diabetes
1865,Renal
1867,Renal
1867,Diabetes
1868,Renal
1868,Hypertension
1869,Hypertension
1869,Diabetes
1870,Renal
1871,Hypertension
1871,Diabetes
1872,Renal
1872,Diabetes
1872,Hypertension
1873,Hypertension
1873,Renal
1875,Hypertension
1875,Diabetes
1876,Renal
1876,Hypertension
1876,Diabetes
1877,Renal
1877,Hypertension
1879,Diabetes
1881,Diabetes
1884,Hypertension
1884,Renal
1886,Renal
1887,Hypertension
1887,Renal
1887,Diabetes
1889,Hypertension
1889,Renal
1889,Diabetes
1890,Hypertension
1893,Diabetes
1894,Renal
1894,Hypertension
1894,Diabetes
1895,Diabetes
1895,Renal
1895,Hypertension
1896,Renal
1896,Hypertension
1898,Renal
1898,Diabetes
1898,Hypertension
1901,Hypertension
1902,Renal
1903,Hypertension
1904,Renal
1906,Renal
1906,Diabetes
1906,Hypertension
1907,Diabetes
1908,Renal
1909,Hypertension
1910,Diabetes
1910,Renal
1910,Hypertension
1911,Renal
1912,Diabetes
1912,Hypertension
1912,Renal
1913,Hypertension
1913,Renal
1913,Diabetes
1914,Hypertension
1914,Diabetes
1916,Diabetes
1916,Hypertension
1916,Renal
1917,Renal
1917,Hypertension
1917,Diabetes
1918,Hypertension
1918,Diabetes
1918,Renal
1919,Hypertension
1920,Diabetes
1921,Renal
1921,Diabetes
1921,Hypertension
1923,Diabetes
1923,Hypertension
1923,Renal
1924,Diabetes
1925,Renal
1925,Diabetes
1927,Diabetes
1928,Hypertension
1929,Renal
1929,Diabetes
1930,Diabetes
1931,Renal
1931,Diabetes
1931,Hypertension
1934,Hypertension
1935,Diabetes
1935,Hypertension
1936,Hypertension
1936,Diabetes
1936,Renal
1937,Hypertension
1938,Renal
1938,Hypertension
1938,Diabetes
1941,Renal
1941,Diabetes
1942,Renal
1942,Hypertension
1944,Hypertension
1946,Hypertension
1946,Diabetes
1947,Renal
1947,Diabetes
1949,Hypertension
1949,Diabetes
1949,Renal
1950,Hypertension
1952,Renal
1953,Renal
1955,Renal
1955,Hypertension
1955,Diabetes
1957,Diabetes
1957,Hypertension
1957,Renal
1959,Hypertension
1961,Diabetes
1961,Renal
1963,Hypertension
1963,Diabetes
1963,Renal
1964,Renal
1964,Diabetes
1966,Diabetes
1966,Renal
1966,Hypertension
1967,Hypertension
1967,Diabetes
1967,Renal
1968,Diabetes
1968,Renal
1968,Hypertension
1969,Hypertension
1970,Hypertension
1970,Diabetes
1970,Renal
1971,Diabetes
1971,Hypertension
1972,Renal
1973,Renal
1977,Diabetes
1978,Hypertension
1982,Diabetes
1982,Hypertension
1982,Renal
1985,Diabetes
1985,Renal
1986,Diabetes
1986,Hypertension
1986,Renal
1987,Diabetes
1987,Hypertension
1989,Hypertension
1989,Renal
1990,Diabetes
1990,Renal
1991,Renal
1991,Diabetes
1991,Hypertension
1992,Renal
1992,Diabetes
1992,Hypertension
1993,Renal
1994,Hypertension
1996,Diabetes
1997,Hypertension
1998,Hypertension
1998,Renal
1999,Renal
1999,Hypertension
1999,Diabetes