PatientID,Drug
1,Diab
1,Dyslipidaemia
1,Hypertension
1,Osteo
2,Diab
2,Dyslipidaemia
2,Hypertension
2,Osteo
3,Diab
3,Dyslipidaemia
3,Hypertension
3,Osteo
4,Diab
4,Dyslipidaemia
4,Hypertension
4,Osteo
5,Diab
5,Dyslipidaemia
5,Hypertension
5,Osteo
6,Diab
6,Dyslipidaemia
6,Hypertension
6,Osteo
7,Diab
7,Dyslipidaemia
7,Hypertension
7,Osteo
8,Diab
8,Dyslipidaemia
8,Hypertension
8,Osteo
9,Diab
9,Dyslipidaemia
9,Hypertension
9,Osteo
10,Diab
10,Dyslipidaemia
10,Hypertension
10,Osteo
11,Diab
11,Dyslipidaemia
11,Hypertension
11,Osteo
12,Diab
12,Dyslipidaemia
12,Hypertension
12,Osteo
13,Diab
13,Hypertension
13,Osteo
14,Dyslipidaemia
14,Hypertension
15,Diab
16,Diab
16,Dyslipidaemia
16,Hypertension
17,Diab
17,Hypertension
17,Osteo
18,Hypertension
18,Osteo
19,Dyslipidaemia
19,Hypertension
19,Osteo
20,Diab
20,Dyslipidaemia
20,Osteo
21,Diab
21,Dyslipidaemia
21,Hypertension
21,Osteo